Date,jedi_return,bench_return,raw_position,position,strategy_return,equity,bench_equity,drawdown,bench_drawdown
2024-08-05,-0.012295887327765572,-0.01572164619322798,0.0,0.0,-0.0,1.0,0.984278353806772,0.0,0.0
2024-08-06,-0.0015506887601492887,0.005685458187979644,0.0,0.0,-0.0,1.0,0.9898744272326739,0.0,0.0
2024-08-07,0.0006793885488387701,0.005067373923968631,0.0,0.0,0.0,1.0,0.9948904910932361,0.0,0.0
2024-08-08,0.009542202061671449,0.021881820945866746,0.0,0.0,0.0,1.0,1.0166605066800836,0.0,0.0
2024-08-09,0.004481003009762878,0.004932857675824216,0.0,0.0,0.0,1.0,1.0216755482641677,0.0,0.0
2024-08-12,0.004739309302144281,-0.0004994054250748209,0.0,0.0,0.0,1.0,1.0211653179526983,0.0,-0.0004994054250748643
2024-08-13,0.0011844529087487697,0.005975700787323928,0.0,0.0,0.0,1.0,1.0272674963471762,0.0,0.0
2024-08-14,0.01013564142020699,0.0027624770877104255,0.0,0.0,0.0,1.0,1.030105299268785,0.0,0.0
2024-08-15,0.0029815513002693504,0.013837747867639727,0.0,0.0,0.0,1.0,1.044359636677186,0.0,0.0
2024-08-16,0.0016656376302032767,0.00369058616570135,0.0,0.0,0.0,1.0,1.0482139359043234,0.0,0.0
2024-08-19,0.0022641857892168127,0.004230699231240673,0.0,0.0,0.0,1.0,1.0526486137971296,0.0,0.0
2024-08-20,0.004270531082625975,-0.007991056279298504,0.0,0.0,0.0,1.0,1.0442368394819512,0.0,-0.007991056279298454
2024-08-21,-0.0013809179135074313,0.003829866068758513,0.0,0.0,-0.0,1.0,1.0482361267212308,0.0,-0.004191794885837563
2024-08-22,0.005368458845666109,0.00041684547460026306,0.0,0.0,0.0,1.0,1.0486730792069672,0.0,-0.0037766967419657874
2024-08-23,0.002531834719030708,0.005956550772802365,0.0,0.0,0.0,1.0,1.0549195536473344,0.0,0.0
2024-08-26,0.0018159199094452975,-0.0028354688242685127,0.0,0.0,0.0,1.0,1.051928362140856,0.0,-0.0028354688242686527
2024-08-27,0.004038793129666976,0.0024209928175933666,0.0,0.0,0.0,1.0,1.0544750731502217,0.0,-0.00042134065633335114
2024-08-28,0.007606112165749143,0.0037925236538536916,0.0,0.0,0.0,1.0,1.058474194807543,0.0,0.0
2024-08-29,0.008729114842725942,0.009997960469922646,0.0,0.0,0.0,1.0,1.0690567779656621,0.0,0.0
2024-08-30,0.006180343036206517,0.006452401198409346,0.0,0.0,0.0,1.0,1.0759547612009752,0.0,0.0
2024-09-03,-0.012201442795052097,-0.034786682916847694,0.0,0.0,-0.0,1.0,1.0385258640902042,0.0,-0.0347866829168478
2024-09-04,0.0019894838198055683,0.006636903607591741,0.0,0.0,0.0,1.0,1.0454184601441618,0.0,-0.028380655170603
2024-09-05,-0.005903404489246265,-0.009515275012193182,0.0,0.0,-0.0,1.0,1.0354710159930667,0.0,-0.037625880443821626
2024-09-06,-0.01246796780100092,-0.016157993685033824,0.0,0.0,-0.0,1.0,1.0187398818556153,0.0,-0.05317591539025024
2024-09-09,0.012127073219460067,0.020926894713883173,0.0,0.0,0.0,1.0,1.0400589441040415,0.0,-0.03336182745905316
2024-09-10,-0.006129303008036126,-0.003785073694464396,0.0,0.0,-0.0,1.0,1.036122244354021,0.0,-0.03702062417800295
2024-09-11,-0.008508248480962677,-0.0007026350294337204,0.0,0.0,-0.0,1.0,1.0353942285703623,0.0,-0.037697247220077744
2024-09-12,0.0073619206934758315,0.013126028864524606,0.0,0.0,0.0,1.0,1.048984843100739,0.0,-0.025066033510677172
2024-09-13,0.0070542080285724345,0.00842666250611506,0.0,0.0,0.0,1.0,1.057824284347579,0.0,-0.016850594009323552
2024-09-16,0.005212735626621148,0.004666145799923924,0.0,0.0,0.0,1.0,1.062760246689045,0.0,-0.012263075537862458
2024-09-17,-0.0069655087892633505,-0.00239898265451136,0.0,0.0,-0.0,1.0,1.0602107032913337,0.0,-0.014632639286867479
2024-09-18,-0.00112336649128273,0.0006174069454655974,0.0,0.0,-0.0,1.0,1.0608652847432027,0.0,-0.014024266634528092
2024-09-19,0.005252392659188323,0.010031073986238481,0.0,0.0,0.0,1.0,1.071506902903894,0.0,-0.004133871104503128
2024-09-20,0.004849896324705412,0.004133130089364803,0.0,0.0,0.0,1.0,1.0759355803252482,0.0,-1.782684218585953e-05
2024-09-23,0.01186522151218834,0.011629956929489399,0.0,0.0,0.0,1.0,1.0884486647833358,0.0,0.0
2024-09-24,-0.010303854483853068,-0.0027438790134069187,0.0,0.0,-0.0,1.0,1.085462093334866,0.0,-0.002743879013406949
2024-09-25,-0.0014483872543628981,-0.0016322521757722575,0.0,0.0,-0.0,1.0,1.0836903454713018,0.0,-0.0043716524866895265
2024-09-26,-0.00043920514518691487,-0.006339926772321734,0.0,0.0,-0.0,1.0,1.0768198280371417,0.0,-0.010683863302371631
2024-09-27,0.006595169124987238,0.004792175194970647,0.0,0.0,0.0,1.0,1.0819801373065139,0.0,-0.00594288705210505
2024-09-30,0.007016189269381837,0.007580218245602654,0.0,0.0,0.0,1.0,1.0901817828847042,0.0,0.0
2024-10-01,0.017006103478581207,0.011362795131756382,0.0,0.0,0.0,1.0,1.102569295139996,0.0,0.0
2024-10-02,-0.006379889465834879,6.587611596594765e-05,0.0,0.0,-0.0,1.0,1.102641928122743,0.0,0.0
2024-10-03,-0.004784671239685468,-0.00656224813120768,0.0,0.0,-0.0,1.0,1.0954061181905284,0.0,-0.006562248131207705
2024-10-04,0.002936223749811309,0.009465037005487797,0.0,0.0,0.0,1.0,1.1057741776352394,0.0,0.0
2024-10-07,-0.0025187891678793753,-0.0031009394155759357,0.0,0.0,-0.0,1.0,1.1023452389030841,0.0,-0.00310093941557607
2024-10-08,-0.000792312306609224,0.0003302969597195004,0.0,0.0,-0.0,1.0,1.102709340184055,0.0,-0.0027716666867177915
2024-10-09,0.0017328201149745851,0.0030339489247894363,0.0,0.0,0.0,1.0,1.1060549040010619,0.0,0.0
2024-10-10,-0.013469338772288338,-0.009595224613582275,0.0,0.0,-0.0,1.0,1.0954420587622176,0.0,-0.009595224613582226
2024-10-11,0.012958615836972831,0.01629045521646973,0.0,0.0,0.0,1.0,1.1132873085627208,0.0,0.0
2024-10-14,0.008614518650259232,0.0058055045542340375,0.0,0.0,0.0,1.0,1.1197505031027526,0.0,0.0
2024-10-15,-0.005530828327745994,-0.005151326111122746,0.0,0.0,-0.0,1.0,1.1139823030981766,0.0,-0.005151326111122716
2024-10-16,0.009217812964291694,0.01124654946367023,0.0,0.0,0.0,1.0,1.1265107601716235,0.0,0.0
2024-10-17,-0.00047536942797775725,0.0013566377341257712,0.0,0.0,-0.0,1.0,1.1280390271767713,0.0,0.0
2024-10-18,0.0029185309370951705,-0.0002583032416791846,0.0,0.0,0.0,1.0,1.127747651039311,0.0,-0.0002583032416791287
2024-10-21,-0.0004718482549313496,0.0048314245964010604,0.0,0.0,-0.0,1.0,1.1331962787790757,0.0,0.0
2024-10-22,-0.01778227625126317,-0.033256869158304024,0.0,0.0,-0.0,1.0,1.0955097184050429,0.0,-0.03325686915830412
2024-10-23,-0.0005991476200059125,0.003051358930095565,0.0,0.0,-0.0,1.0,1.0988525117673045,0.0,-0.03030698887290184
2024-10-24,-0.000990406784161994,-0.010587092347562022,0.0,0.0,-0.0,1.0,1.0872188587488736,0.0,-0.04057321833048987
2024-10-25,0.010968578219557639,0.0015384352795542978,0.0,0.0,0.0,1.0,1.0888914745977696,0.0,-0.03909720232142029
2024-10-28,0.0019209725361771283,-0.00616799299820998,0.0,0.0,0.0,1.0,1.08217519960664,0.0,-0.045024044049462156
2024-10-29,0.002268378469172348,-0.007899142331683961,0.0,0.0,0.0,1.0,1.0736269436771286,0.0,-0.052567535048851415
2024-10-30,-0.003614969193111221,-0.001288792648830509,0.0,0.0,-0.0,1.0,1.0722432611645312,0.0,-0.053788579044943836
2024-10-31,-0.051409306070089276,-0.019947918696574266,0.0,0.0,-0.0,1.0,1.0508542397678715,0.0,-0.07266352753992525
2024-11-01,5.2533438288587904e-05,0.0007613324559680006,0.0,0.0,0.0,1.0,1.0516542892070986,0.0,-0.07195751618583834
2024-11-04,0.003943358264358063,0.001520821777501725,0.0,0.0,0.0,1.0,1.053253667952528,0.0,-0.07054612896600687
2024-11-05,0.01169195476475533,0.01188006004823097,0.0,0.0,0.0,1.0,1.0657663847738235,0.0,-0.059504161166062344
2024-11-06,0.018915198559459254,0.03138186707479285,0.0,0.0,0.0,1.0,1.0992121237935781,0.0,-0.0299896457673799
2024-11-07,-0.011965683944218361,-0.005971932478650667,0.0,0.0,-0.0,1.0,1.0926477032105686,0.0,-0.03578248210644921
2024-11-08,0.025033213844052667,0.03633458640312232,0.0,0.0,0.0,1.0,1.132348605591046,0.0,-0.000748037391141879
2024-11-11,0.010795754615942144,0.009516641613990743,0.0,0.0,0.0,1.0,1.1431247614525581,0.0,0.0
2024-11-12,-0.00702405657709984,-0.01157241633295067,0.0,0.0,-0.0,1.0,1.1298960457925242,0.0,-0.011572416332950667
2025-05-09,-0.0007580300797860806,-0.0006731943295802955,0.0,0.0,-0.0,1.0,1.1291354061814816,0.0,-0.012237820177476027
2025-05-12,0.0035864948038772083,0.014044074098648001,0.0,0.0,0.0,1.0,1.1449930674933013,0.0,0.0
2025-05-13,-0.01234996390798916,0.007817690691796653,0.0,0.0,-0.0,1.0,1.1539442691392154,0.0,0.0
2025-05-14,-0.01310000690975184,0.0010775764639371656,0.0,0.0,-0.0,1.0,1.1551877323243351,0.0,0.0
2025-05-15,0.02948005983159158,0.02101985864185714,0.0,0.0,0.0,1.0,1.1794696151626,0.0,0.0
2025-05-16,0.007779854926287487,0.007413662071982212,0.0,0.0,0.0,1.0,1.1882138043135866,0.0,0.0
2025-05-19,0.0035385714852190844,0.007878666409812387,0.0,0.0,0.0,1.0,1.1975753445013075,0.0,0.0
2025-05-20,0.0028511051649246963,0.0006344775290570926,0.0,0.0,0.0,1.0,1.1983351791467463,0.0,0.0
2025-05-21,-0.012363126883508593,-0.015224080163201481,0.0,0.0,-0.0,1.0,1.1800916283170317,0.0,-0.015224080163201517
2025-05-22,-0.0006165129010335713,-0.003460441762718896,0.0,0.0,-0.0,1.0,1.1760079899625686,0.0,-0.018631839883124626
2025-05-23,-0.03419381020049321,0.004981726030556591,0.0,0.0,-0.0,1.0,1.181866539578308,0.0,-0.013742932574310777
2025-05-27,0.012566516586920151,0.024428824325347036,0.0,0.0,0.0,1.0,1.210738149649672,0.0,0.0
2025-05-28,-0.01773334079295861,0.0012543192935547875,0.0,0.0,-0.0,1.0,1.2122568018702204,0.0,0.0
2025-05-29,0.003663399308141513,0.004604666662806533,0.0,0.0,0.0,1.0,1.2178388403525529,0.0,0.0
2025-05-30,0.009825606017581348,0.005261051261690467,0.0,0.0,0.0,1.0,1.2242459529201253,0.0,0.0
2025-06-02,-0.011157524998693494,0.005626224547906625,0.0,0.0,-0.0,1.0,1.2311338355531198,0.0,0.0
2025-06-03,0.010353807859480143,0.006208290120878254,0.0,0.0,0.0,1.0,1.2387770715818631,0.0,0.0
2025-06-04,-0.003325205488563285,0.004395003740720695,0.0,0.0,-0.0,1.0,1.2442215014453846,0.0,0.0
2025-06-05,-0.0015368430532951265,0.0005550733333075507,0.0,0.0,-0.0,1.0,1.2449121356215647,0.0,0.0
2025-06-06,0.007889148547270831,0.009497579655233523,0.0,0.0,0.0,1.0,1.2567357877933973,0.0,0.0
2025-06-09,2.5337761008675003e-05,0.0037299742279168,0.0,0.0,0.0,1.0,1.2614233798931676,0.0,0.0
2025-06-10,-0.009919312004061391,-0.019405093541973416,0.0,0.0,-0.0,1.0,1.2369453412103084,0.0,-0.019405093541973378
2025-06-11,-0.0008376054130579115,0.008671054491927146,0.0,0.0,-0.0,1.0,1.2476709616674784,0.0,-0.01090230167356966
2025-06-12,0.013641359108216655,-0.006774864538919939,0.0,0.0,0.0,1.0,1.2392181599130372,0.0,-0.017603304595488763
2025-06-13,0.021909373563838656,0.004170359684930493,0.0,0.0,0.0,1.0,1.2443861453679723,0.0,-0.013506357022364806
2025-06-16,-0.016560389138941416,-0.0049442122306812206,0.0,0.0,-0.0,1.0,1.2382336361683537,0.0,-0.018383790957464136
2025-06-17,0.012665427178227048,0.004566379320107357,0.0,0.0,0.0,1.0,1.2438878806380143,0.0,-0.013901359000210075
2025-06-18,-0.011077491651696357,-0.0066897230865805065,0.0,0.0,-0.0,1.0,1.2355666151657925,0.0,-0.020498085844552004
2025-06-20,-0.00021971053028565411,0.009242297896455698,0.0,0.0,-0.0,1.0,1.2469860898940701,0.0,-0.011445237363778811
2025-06-23,0.006828332916119134,0.014142502826075869,0.0,0.0,0.0,1.0,1.264621594194474,0.0,0.0
2025-06-24,-0.015502242069152267,-0.006908668422825543,0.0,0.0,-0.0,1.0,1.2558847429198394,0.0,-0.006908668422825525
2025-06-25,0.007695335783265096,0.0015942820211917225,0.0,0.0,0.0,1.0,1.2578869773861656,0.0,-0.005325400767490607
2025-06-26,0.012936516950791776,0.01342299900442695,0.0,0.0,0.0,1.0,1.2747715930313017,0.0,0.0
2025-06-27,0.0007003309679336759,0.01639610995375821,0.0,0.0,0.0,1.0,1.2956728882365705,0.0,0.0
2025-06-30,0.01023885841901427,0.0057949099603592244,0.0,0.0,0.0,1.0,1.30318119596198,0.0,0.0
2025-07-01,0.011385553671511414,-0.019430568655380436,0.0,0.0,0.0,1.0,1.27785964426344,0.0,-0.019430568655380325
2025-07-02,0.002706162032398907,-0.001514575652585364,0.0,0.0,0.0,1.0,1.275924229158817,0.0,-0.02091571524176445
2025-07-03,0.007509981879282682,0.011464478378572252,0.0,0.0,0.0,1.0,1.2905520348967048,0.0,-0.00969102462835381
2025-07-07,0.005855515880011114,0.006454508763436051,0.0,0.0,0.0,1.0,1.2988819143156158,0.0,-0.0032990666683081057
2025-07-08,-0.011748054039547503,-0.006989893163920282,0.0,0.0,-0.0,1.0,1.2898028685020013,0.0,-0.010265899708676344
2025-07-09,0.003650038310173126,0.011446362950599618,0.0,0.0,0.0,1.0,1.3045664202695997,0.0,0.0
2025-07-10,0.010629203531380178,-0.0013772624663381029,0.0,0.0,0.0,1.0,1.3027696899041172,0.0,-0.0013772624663381545
2025-07-11,-0.0006962276538053034,0.005972009841727781,0.0,0.0,-0.0,1.0,1.3105498433137293,0.0,0.0
2025-07-14,0.009884073942311307,0.020135226330722268,0.0,0.0,0.0,1.0,1.3369380610265438,0.0,0.0
2025-07-15,-0.014435522824046546,-0.0021712462243206306,0.0,0.0,-0.0,1.0,1.3340352393093893,0.0,-0.002171246224320686
2025-07-16,0.0033541177562719554,0.006242715240715174,0.0,0.0,0.0,1.0,1.342363241429477,0.0,0.0
2025-07-17,0.009220520091385739,0.007327944511131842,0.0,0.0,0.0,1.0,1.3522000047764553,0.0,0.0
2025-07-18,-0.003448858631391604,0.001275644979451491,0.0,0.0,-0.0,1.0,1.3539249319237627,0.0,0.0
2025-07-21,-0.005446816814067705,-0.007472718368176127,0.0,0.0,-0.0,1.0,1.3438074322158444,0.0,-0.007472718368176124
2025-07-22,-0.0011222880618723323,-0.012770660335805498,0.5021269208156285,0.5021269208156285,-0.0005635310487760938,0.999436468951224,1.3266461239422849,-0.0005635310487760448,-0.020147947155916533
2025-07-23,0.03378724335531915,0.024212842908743402,0.5021269208156285,0.5021269208156285,0.016965484468854708,1.016392392842823,1.3587679981367926,0.0,0.0
2025-07-24,-0.004804178417234211,-0.00025401966005863933,0.5021269208156285,0.5021269208156285,-0.002412307315694714,1.0139405420379517,1.3584228443518074,-0.0024123073156947193,-0.0002540196600586132
2025-07-25,0.00016032925284656607,0.007238549008674002,0.5021269208156285,0.5021269208156285,8.050563404851656e-05,1.0140221699641758,1.3682558546851502,-0.0023319958859763065,0.0
2025-07-28,-0.01290237308861603,-0.0011102122364759837,0.5021269208156285,0.5021269208156285,-0.006478628870201197,1.0074526966588218,1.3667368002926488,-0.008795516620305519,-0.0011102122364760427
2025-07-29,0.004001450728142395,-0.004149034439860306,0.5021269208156285,0.5021269208156285,0.002009236132917595,1.0094769070191538,1.3610661622380102,-0.006803952757189223,-0.005254640367531542
2025-07-30,-0.0032363304398437933,0.007123685206676429,0.5021269208156285,0.5021269208156285,-0.0016250486385006526,1.0078364579458046,1.370761969123253,-0.008417944641525317,0.0
2025-07-31,0.01008834481425355,-0.010322993827762562,0.5021269208156285,0.5021269208156285,0.005065629517707449,1.0129417840561965,1.356611601776662,-0.0033949573126724557,-0.010322993827762587
2025-08-01,-0.0006506598753543682,-0.0041796210233198145,0.5021269208156285,0.5021269208156285,-0.00032671383970996954,1.012610841956525,1.3509414794053967,-0.003720561972843035,-0.014459468649056359
2025-08-04,0.004744591000488918,0.010820823096138235,0.5021269208156285,0.5021269208156285,0.0023823868696050427,1.015023272730422,1.3655597781672777,-0.0013470389212295014,-0.003795108905233748
2025-08-05,0.01414721159449898,-0.0018713220957222402,0.5021269208156285,0.5021269208156285,0.00710369579607293,1.0222336892858332,1.3630043759813637,0.0,-0.0056593291298059544
2025-08-06,0.002048050013560006,-0.0006582713127192994,0.5021269208156285,0.5021269208156285,0.001028381046985292,1.0232849350374846,1.3621071493015442,0.0,-0.0063138750685099426
2025-08-07,-0.004141811542284981,-0.00228207912246907,0.5021269208156285,0.5021269208156285,-0.002079715076326187,1.0211567939307098,1.3589987130135572,-0.0020797150763261084,-0.00858154542850332
2025-08-08,-0.003908457937120609,-0.0025928290070312047,0.5021269208156285,0.5021269208156285,-0.0019625419491037747,1.0191527308860084,1.3554750617299376,-0.004038175497350426,-0.011152123955622359
2025-08-11,0.000314689595990865,-0.0009676727221094412,0.5021269208156285,0.5021269208156285,0.00015801411784760718,1.0193137714057314,1.354163405487202,-0.0038807994682416923,-0.01210900507158627
2025-08-12,0.003353487003754179,0.01003824612078139,0.5021269208156285,0.5021269208156285,0.0016838761031903139,1.0210301695070543,1.3677568310392378,-0.0022034581505372816,-0.002192312123991418
2025-08-13,0.012938670589642626,-0.007239725993132046,0.5021269208156285,0.5021269208156285,0.006496854822624984,1.0276636542878617,1.3578546463572791,0.0,-0.009416166378054348
2025-08-14,-0.010278820999107869,-0.004175073939612139,0.5021269208156285,0.5021269208156285,-0.005161272737897056,1.022359601885258,1.3521855028094916,-0.005161272737897017,-0.013551927126810456
2025-08-15,-0.0008863324321407645,-0.004653938116873809,0.5021269208156285,0.5021269208156285,-0.00044505137496986903,1.0219045993387255,1.3458925151568824,-0.0056040270813382444,-0.018142795413471666
2025-08-18,0.0032000138837205198,0.004347675473618454,0.5021269208156285,0.5021269208156285,0.0016068131179998453,1.0235466090542873,1.3517440190351566,-0.004006218587566328,-0.013873998926495214
2025-08-19,0.00018566430907368338,-0.013824450920352442,0.5021269208156285,0.5021269208156285,9.32270478205298e-05,1.023642031282956,1.333056900187125,-0.003913365027677829,-0.02750664942961934
2025-08-20,0.007768664701550416,0.005521833569385956,0.4640374710567253,0.4640374710567253,0.0036049515215951047,1.027332211181198,1.3404178185284799,-0.00032252099729394856,-0.022136703000435246
2025-08-21,0.00041163865693946206,0.0033396213679027574,0.4640374710567253,0.4640374710567253,0.0001910157613553749,1.0275284478256816,1.344894306517155,-0.00013156684253245202,-0.018871009838887762
2025-08-22,0.003987488025468012,0.004350345698317524,0.4640374710567253,0.4640374710567253,0.0018503438592071516,1.0294297287792766,1.3507450616782037,0.0,-0.014602759557045694
2025-08-25,-0.0010921646498231975,-0.0023007480328752624,0.484894404334341,0.484894404334341,-0.0005295845273110435,1.0288845587229611,1.3476373376346316,-0.0005295845273110266,-0.01686991031959559
2025-08-26,0.01017133052915995,0.023373313126268096,0.4640374710567253,0.4640374710567253,0.004719878496033446,1.0337407688265785,1.3791360871078162,0.0,0.0
2025-08-27,0.0037077156394846335,-0.003707227365297995,0.4640374710567253,0.4640374710567253,0.0017205189887439184,1.0355193394487834,1.37402331606522,0.0,-0.003707227365298085
2025-08-28,-0.00415757695623504,0.004606911088935177,0.4801931821041583,0.4801931821041583,-0.0019964401084574244,1.0334519871064245,1.380353319316456,-0.001996440108457421,0.0
2025-08-29,-0.0029766930681867847,-0.008731036396666855,0.5104842443627453,0.5104842443627453,-0.0015195549116131526,1.0318816000635005,1.3683014042452442,-0.0035129613196980877,-0.008731036396666903
2025-09-02,0.001009275667347917,0.00040318045906319333,0.5241535510127739,0.5241535510127739,0.0005290154249911978,1.0324274813466987,1.3688530766335445,-0.002985804305432385,-0.008331376120866266
2025-09-03,-0.010849437567943912,-0.007889972852964756,0.5672740237442271,0.5672740237442271,-0.006154604104529325,1.0260732989323735,1.3580528630192086,-0.009122031966528084,-0.016155614642409524
2025-09-04,-0.0012900413687543602,0.007990723273837428,0.5371044234645453,0.5371044234645453,-0.0006928869256102235,1.0253623461588255,1.3689046876388378,-0.009808598355453753,-0.008293986414498312
2025-09-05,0.0014823473053662813,-0.0019665051456857646,0.49326425201985336,0.49326425201985336,0.0007311889348151439,1.026112079760513,1.3662127295266426,-0.009084581359222087,-0.010244181393221715
2025-09-08,-0.006462722540545658,-0.002425587124681865,0.596770181654942,0.596770181654942,-0.003856760104506921,1.02215461162854,1.3628988615203264,-0.012906304412776596,-0.012644920363413267
2025-09-09,-0.0051427686972764595,-0.007210337037685371,0.6894727708919078,0.6894727708919078,-0.0035457989837673677,1.0185302568453745,1.353071901380487,-0.016406340235472928,-0.019764083263463787
2025-09-10,0.010727278333566874,0.013514684151942404,0.6498245642808052,0.6498245642808052,0.006970848969029015,1.0256302774362298,1.3713582407625127,-0.009549857386359982,-0.006516504454379661
2025-09-11,0.01588711312060475,0.005865148290578543,0.560971737341323,0.560971737341323,0.008912221448603774,1.0347709215931344,1.3794014602040916,-0.0007227463815860085,-0.000689576428762356
2025-09-12,-0.005319561634662201,-0.003254108118040022,0.48117319031152067,0.48117319031152067,-0.0025596304428091793,1.0321222904408909,1.3749127387144051,-0.003280526860754514,-0.0039414405905476005
2025-09-15,-0.002718786458408625,0.011963037530009699,0.6499004422064616,0.6499004422064616,-0.001766940521584705,1.0302985917426801,1.391360871408134,-0.005041670886496731,0.0
2025-09-16,0.0017182792536770952,0.004069838135607857,0.672606803832882,0.672606803832882,0.0011557263169081008,1.0314893349394305,1.3970234849429835,-0.0038917713613133274,0.0
2025-09-17,-0.0014416425988160672,-0.006808995879172605,0.6380792739274216,0.6380792739274216,-0.0009198822627153973,1.0305404861960397,1.3875111577908994,-0.004808073652582877,-0.006808995879172554
2025-09-18,0.0021271511374401616,0.012144188321251762,0.7039375406238607,0.7039375406238607,0.0014973815402248754,1.032083598496524,1.4043613545889502,-0.0033178916330894215,0.0
2025-09-19,0.0012088568633300304,0.00211628362568494,0.426954036487085,0.426954036487085,0.0005161263173338729,1.0326162840033968,1.4073333815282114,-0.002803477766945355,0.0
2025-09-22,0.0009798529248936413,0.004366053937306813,0.426954036487085,0.426954036487085,0.0004183521614470167,1.0330482812577548,1.4134778749797359,-0.0023862984464818587,0.0
2025-09-23,0.0005536623504845617,0.009112100320398537,0.426954036487085,0.426954036487085,0.00023638837539031082,1.0332924818626612,1.426357627177215,-0.0021504741643044102,0.0
2025-09-24,0.005433857426654504,-0.012151619068534021,0.426954036487085,0.426954036487085,0.002320007362005465,1.0356897280276876,1.4090250726362594,0.0,-0.012151619068533964
2025-09-25,-0.01079394301184827,-0.002753306158812792,0.426954036487085,0.426954036487085,-0.004608517538520182,1.0309167337516068,1.4051455952258485,-0.004608517538520186,-0.014871468099725739
2025-09-26,0.01624925627239632,0.012671081897465028,0.426954036487085,0.426954036487085,0.006937685555412694,1.0380689098841884,1.4229503101408176,0.0,-0.0023888237924877447
2025-09-29,0.0028931176195413663,-0.0012647533007087923,0.426954036487085,0.426954036487085,0.001235228245695093,1.0393511619226552,1.4211506290393225,0.0,-0.0036505558204200984
2025-09-30,0.020964785175986097,0.018423467272265,0.426954036487085,0.426954036487085,0.008950999654971868,1.0486543938144195,1.4473331511423873,0.0,0.0
2025-10-01,0.003603578052340502,-4.7793332591114576e-05,0.426954036487085,0.426954036487085,0.0015385621952430453,1.0502678138206178,1.4472639782677246,0.0,-4.7793332591106174e-05
2025-10-02,-0.0006169769435290789,0.00062113522680705,0.426954036487085,0.426954036487085,-0.0002634207964592045,1.0499911514366058,1.4481629249071155,-0.00026342079645914055,0.0
2025-10-03,0.007807938161773968,0.0008115263273503842,0.426954036487085,0.426954036487085,0.0033336307148109463,1.0534914341893145,1.4493381472469706,0.0,0.0
2025-10-06,0.011290547490919924,0.01421491833132887,0.426954036487085,0.426954036487085,0.0048205448253973915,1.0585698368709962,1.469940370644566,0.0,0.0
2025-10-07,-0.0027912809054482855,0.0019271477178954765,0.426954036487085,0.426954036487085,-0.001191748649550471,1.0573082876974502,1.472773162875296,-0.0011917486495505241,0.0
2025-10-08,0.007238289293351194,0.010277533640345638,0.426954036487085,0.426954036487085,0.0030904168310575426,1.060575811025367,1.487909638601345,0.0,0.0
2025-10-09,-0.01933128445466694,-0.018386973902719907,0.426954036487085,0.426954036487085,-0.008253569928400088,1.0518222744046994,1.4605514829067767,-0.008253569928400055,-0.01838697390271991
2025-10-10,-0.020754445260251074,-0.02492466414049665,0.426954036487085,0.426954036487085,-0.008861194178914445,1.042501872989492,1.4241477277354209,-0.017041627621509736,-0.04285334889413126
2025-10-13,-0.00014179888743228505,0.014837928537937868,0.426954036487085,0.426954036487085,-6.054160735859189e-05,1.0424387582504269,1.4452791299470256,-0.01710113750134005,-0.028651275284695882
2025-10-14,0.008427477494621692,0.007764318635383963,0.426954036487085,0.426954036487085,0.0035981455337327976,1.0461896046126156,1.4565007376290047,-0.013564524349129489,-0.02110941427993247
2025-10-15,-0.015576901127644215,-0.014674162333641534,0.426954036487085,0.426954036487085,-0.006650620812407924,1.039231794254454,1.435127809365968,-0.02012493265359076,-0.035473813641662154
2025-10-16,-0.006155323803870629,-0.006909357170027467,0.44983022179782123,0.44983022179782123,-0.0027688506719325337,1.0363543166026388,1.4252119987464194,-0.022838060392222928,-0.042138069563056484
2025-10-17,0.0003834604317800361,-0.00155280023237852,0.45848668184558883,0.45848668184558883,0.00017581150098590554,1.036536519610594,1.4229989292235774,-0.022666264084914085,-0.04362543779122541
2025-10-20,0.021555071933914902,0.017712426226813658,0.7406396510430475,0.7406396510430475,0.01596454095534252,1.0530843493296256,1.4482036927782846,-0.00706357963085974,-0.026685723912901416
2025-10-21,0.009137731866798735,0.01773224744267756,1.0688388311741326,1.0688388311741326,0.009766762648091785,1.063369574217948,1.4738835990060286,0.0,-0.009426674329834383
2025-10-22,-0.006580302310251497,-0.013305318616166137,0.7406396510430475,0.7406396510430475,-0.0048736328068224284,1.0581871013752626,1.4542731081181117,-0.004873632806822505,-0.022606568040551257
2025-10-23,0.012638389975224554,0.024305663404711863,0.9403753113902661,0.9403753113902661,0.011884829908423407,1.070763475086395,1.4896201807825546,0.0,0.0
2025-10-24,-0.007192359661294373,0.005270743119501855,0.7406396510430475,0.7406396510430475,-0.005326946749717156,1.0650595750730678,1.4974715861010854,-0.005326946749717057,0.0
2025-10-27,-0.007778930089396744,0.009362969793548757,0.7406396510430475,0.7406396510430475,-0.0057613840668990675,1.0589233578069435,1.5114923673284473,-0.01105764023048716,0.0
2025-10-28,-0.007706414940780016,-0.006232252570586179,0.7406396510430475,0.7406396510430475,-0.005707676472532239,1.052879365871374,1.5020723651367431,-0.016702203270034077,-0.0062322525705862
2025-10-29,-0.010459819928539846,-0.00041377353979973105,0.7406396510430475,0.7406396510430475,-0.007746957381846866,1.0447227542957425,1.501450847337185,-0.024319769394965076,-0.006643447369178951
2025-10-30,0.012684726049365847,-0.009890083650403466,0.7406396510430475,0.7406396510430475,0.009394811074778976,1.0545377271978738,1.4866013728600511,-0.015153437959033938,-0.01646782676937418
2025-10-31,0.011061764062381362,0.002226800405208759,0.8112568709811931,0.8112568709811931,0.008973932100779715,1.0640010771594581,1.4899117373995199,-0.006315491781591882,-0.014277696927488306
2025-11-03,-0.008391364410486954,-0.0037606604304814997,0.7639637511468047,0.7639637511468047,-0.006410698232275408,1.0571800873349728,1.4843086852837715,-0.012685703301867132,-0.017984663788096253
2025-11-04,0.0029922831361195307,-0.015091439339175845,0.8805842516655904,0.8805842516655904,0.002634957406191383,1.0599657118357741,1.4619083307991996,-0.010084172183543757,-0.032804688664678575
2025-11-05,-0.012298629513597278,-0.01087301974827959,0.8583350176066235,0.8583350176066235,-0.010556344380090859,1.0487763487505475,1.4460129726482454,-0.020534064569277075,-0.043321022385270996
2025-11-06,-0.003642432022669221,-0.009111851989470437,0.9085519893803577,0.9085519893803577,-0.003309338860378841,1.045305592423781,1.4328371164666205,-0.02377544925181527,-0.05203813963073424
2025-11-07,0.006577251764614954,0.00705688389912461,0.7900614098722908,0.7900614098722908,0.005196432802236703,1.0507374526926134,1.4429484816438818,-0.018702563973958662,-0.04534848284131024
2025-11-10,0.0033777550412790736,0.009190363000853127,0.7406396510430475,0.7406396510430475,0.0025016993150818274,1.0533660818583455,1.456209701981719,-0.01624765285036067,-0.03657488885930662
2025-11-11,0.006935914032599465,-0.0021827848831681494,0.7406396510430475,0.7406396510430475,0.005137012948769044,1.0587772370606459,1.4530311094575106,-0.011194104304671064,-0.03867783862796911
2025-11-12,-0.014830004675046086,-0.004141359378179614,0.7406396510430475,0.7406396510430475,-0.010983689487492896,1.047147956652346,1.447013585445572,-0.02205484122639086,-0.04265901917641912
2025-11-13,-0.010480314483959566,-0.022186761087892467,0.7406396510430475,0.7406396510430475,-0.007762136462221209,1.0390198513166744,1.4149090407343563,-0.02964578500136024,-0.06389931479760057
2025-11-14,0.003843827747792475,0.0043798459220081454,0.7406396510430475,0.7406396510430475,0.002846891241794602,1.0419778278314384,1.4211061243264291,-0.02688329208524226,-0.05979933802892781
2025-11-17,-0.00424633400047948,-0.010396741311632984,0.7406396510430475,0.7406396510430475,-0.00314500333232735,1.0387008040906973,1.4063312515754298,-0.02994374737437763,-0.06957436109246719
2025-11-18,-6.888840724863296e-05,-0.005165161382976224,0.6065826015177589,0.6065826015177589,-4.1786509283290625e-05,1.0386574004099045,1.39906732370312,-0.029984282638983388,-0.07438015967228327
2025-11-19,-0.0025567354797888216,0.0018231852867529239,0.6065826015177589,0.6065826015177589,-0.001550871258723059,1.0370465764999488,1.4016180826628724,-0.0314886521355482,-0.07269258319827111
2025-11-20,-0.009605746943532773,-0.021697742793411134,0.7690859954751137,0.7690859954751137,-0.0073876454503489335,1.029385244077269,1.3712061340106594,-0.03864367058821029,-0.09281306101845746
2025-11-21,-0.00014359035399497445,-0.0027204441914148157,0.6883741828209325,0.6883741828209325,-9.884389259225896e-05,1.0292834956327674,1.3674758442481578,-0.038738694789977546,-0.09528101245713712
2025-11-24,0.0009437079591196803,0.012333456908610948,0.6551740414758676,0.6551740414758676,0.0006182929575493837,1.029919894369439,1.3843415486467587,-0.03814435369460147,-0.08412269980987516
2025-11-25,0.012523626652485355,0.008484442673715944,0.6065826015177589,0.6065826015177589,0.007596614035301709,1.0377437982942423,1.3960869151570952,-0.030837507591943654,-0.07635199136025443
2025-11-26,-0.0013293141444528297,0.006402420705454607,0.6065826015177589,0.6065826015177589,-0.0008063388319765514,1.036907025172035,1.4050252509293113,-0.031618980944067385,-0.07043840822518734
2025-11-28,0.005755107328686583,0.0068494247329154954,0.6065826015177589,0.6065826015177589,0.0034909479754486276,1.0405268136522876,1.414648865633397,-0.028238413186131284,-0.0640714460677168
2025-12-01,-0.027772965888938708,-0.028987545631500404,0.6262283038840727,0.6262283038840727,-0.017392217322460293,1.0224297451793998,1.3736416670882987,-0.04513950188961705,-0.09120171773265304
2025-12-02,0.0011944926785354942,0.010335839709948644,0.6065826015177589,0.6065826015177589,0.0007245584764399762,1.0231705553178339,1.38783940717823,-0.044447649621893494,-0.08180852435846103
2025-12-03,0.007383305150017174,0.0015387304241866293,0.6065826015177589,0.6065826015177589,0.004478584445696885,1.0277529110521755,1.3899749178979406,-0.04016812772844088,-0.08039567519966241
2025-12-04,0.01903192084612442,0.015014176969238938,0.6065826015177589,0.6065826015177589,0.011544432058722218,1.0396177347069713,1.4108442472980636,-0.029087413891205748,-0.0665885731254327
2025-12-05,-0.010683686058378692,-0.01110356066944556,0.6065826015177589,0.6065826015177589,-0.0064805380830903585,1.0328804523853465,1.3951788526030513,-0.03537944988083561,-0.07695276353328818
2025-12-08,0.014681316128943514,0.009538913237072387,0.6065826015177589,0.6065826015177589,0.00890543093119919,1.04207869791425,1.40848734262823,-0.026789088196934034,-0.06814789603091276
2025-12-09,-0.002906317325376449,-0.00845256815633366,0.6065826015177589,0.6065826015177589,-0.0017629215240629814,1.0402415949479293,1.3965820073673316,-0.028504782660804726,-0.07602443945133441
2025-12-10,0.01732004817344294,0.008892861075515093,0.6065826015177589,0.6065826015177589,0.010506039879459927,1.0511704146287253,1.4090016171394133,-0.01829821516473454,-0.06780765315420395
2025-12-11,0.010501067293740066,0.01856077481880074,0.6065826015177589,0.6065826015177589,0.006369764717749901,1.0578661228481698,1.4351537788744642,-0.012045005772338808,-0.05050544091658965
2025-12-12,0.00042420527991470034,0.005458695415399551,0.6065826015177589,0.6065826015177589,0.00025731554226822803,1.0581383282432177,1.4429878462275993,-0.011790789597262473,-0.045322439319974345
2025-12-15,0.0038362085181686085,0.0010977573449873598,0.6065826015177589,0.6065826015177589,0.0023269773429153012,1.06060059215871,1.4445718967345231,-0.009491249154595016,-0.044274435015643265
2025-12-16,-0.021423061035693025,-0.00809410743683154,0.6065826015177589,0.6065826015177589,-0.012994856095504409,1.0468182400888009,1.4328793766021264,-0.022362767833168873,-0.052010180418753174
2025-12-17,-0.005612891108874876,-0.015263809933166698,0.6065826015177589,0.6065826015177589,-0.0034046820908572206,1.0432541567743878,1.4110081781405173,-0.02569131180888254,-0.06648011684341823
2025-12-18,-0.001756479434413354,0.016705421265396238,0.8312013071922458,0.8312013071922458,-0.0014599880019406765,1.0417310182225226,1.434579664165274,-0.027113790803828045,-0.05088527393566401
2025-12-19,0.014821597071658255,0.026816072444664236,0.0,0.0,0.0,1.0417310182225226,1.4730494563671719,-0.027113790803828045,-0.025433744683225214
2025-12-22,0.022199575300503822,0.02515881278790773,0.3405222739177707,0.3405222739177707,0.007559449861336339,1.0496059316237745,1.5101096318672427,-0.019759306284624106,-0.0009148147162982861
2025-12-23,-0.0043818871302780445,0.0015032562305814544,0.4019037131975023,0.4019037131975023,-0.0017610967084710936,1.0477574740724,1.5123797135802082,-0.021485604943835723,0.0
2025-12-24,0.004078744096000419,0.002318784713981144,0.5195345539286425,0.5195345539286425,0.0021190484945046617,1.0499777229704392,1.5158865965417931,-0.01941208548814077,0.0
2025-12-26,-0.006220518521650227,-0.009720102422606087,0.5368192623993611,0.5368192623993611,-0.003339294164533839,1.0464715384872336,1.501152023562351,-0.02268655698888253,-0.009720102422606193
2025-12-29,-0.0024325595695956644,-0.004918755991282187,0.5119360579226355,0.5119360579226355,-0.0012453149567207874,1.0451683518285728,1.4937682230526284,-0.023903620036868602,-0.01459104760186128
2025-12-30,-0.004958066009026414,-0.0030461301277209195,0.43392163043334636,0.43392163043334636,-0.002151412086432896,1.0429197640040917,1.4892180106645556,-0.026003605586244656,-0.01759273149988715
2025-12-31,-0.008472074419682942,-0.007656098433682296,0.4455080593607773,0.4455080593607773,-0.003774377433473031,1.0389833911819115,1.4778164109856953,-0.02967983559760414,-0.025114138249488948
2026-01-02,0.02083782864774219,0.03352727338849706,0.4587531184837646,0.4587531184837646,0.009559418874582056,1.048915468621953,1.5273635658148201,-0.020404138703628404,0.0
2026-01-05,0.0378384064003098,0.019934221235337952,0.6899058321024403,0.6899058321024403,0.02610493725303603,1.076297341114068,1.5578103690425673,0.0,0.0
2026-01-06,0.010583734719763089,0.016335313330394695,0.4431440964405076,0.4431440964405076,0.004690119559355443,1.0813453043253092,1.5832576895302155,0.0,0.0
2026-01-07,-0.02948594824312594,-0.016644402454496245,0.5427310046674354,0.5427310046674354,-0.016002938313563742,1.0640406021245294,1.5569053113564988,-0.01600293831356374,-0.01664440245449621
2026-01-08,0.026606755895894084,0.004494892199177885,0.5350097498313336,0.5350097498313336,0.014234873815685655,1.0791870858305384,1.5639034328953738,-0.0019958643054518244,-0.012224325050070966
2026-01-09,0.023603712729306395,0.024067261688073174,0.4062989961994077,0.4062989961994077,0.00959016478849637,1.0895366678212703,1.601542306069743,0.0,0.0
2026-01-12,0.014375953921154927,0.015249931274997847,0.38494395475258203,0.38494395475258203,0.005533936555750267,1.095566094616157,1.6259657161713081,0.0,0.0
2026-01-13,0.004870704517048651,0.004176392334985061,0.3213706651707148,0.3213706651707148,0.0015653015504939302,1.0972809859227282,1.6327563869252746,0.0,0.0
2026-01-14,0.013376144666906611,0.006796788369852888,0.7167764450596861,0.7167764450596861,0.0095877054229494,1.1078013927819588,1.6438538865467314,0.0,0.0
2026-01-15,0.007565414789004267,0.008535160715543387,0.39135791235260203,0.39135791235260203,0.002960784937906211,1.1110813544598992,1.657884443661278,0.0,0.0
2026-01-16,0.009129110148975444,0.010557212636225001,0.5655367693659753,0.5655367693659753,0.00516284746083771,1.1168176980095565,1.6753870822592998,0.0,0.0
2026-01-20,-0.023063881813727698,-0.024374816924790762,0.4210720684586177,0.4210720684586177,-0.009711556421991417,1.1059716599222582,1.63454982885107,-0.009711556421991379,-0.024374816924790734
2026-01-21,0.013528813783190612,0.009912964657467433,0.8787873016448245,0.8787873016448245,0.011888949758985388,1.1191205014219356,1.65075306353534,0.0,-0.014703478966031058
2026-01-22,0.00453479049296311,-0.018694485492100805,0.8787873016448245,0.8787873016448245,0.003985116300835655,1.1235803267747517,1.6198930843380375,0.0,-0.03312309048391809
2026-01-23,0.0042928441557528235,-0.0031854521415712314,0.8787873016448245,0.8787873016448245,0.0037724969320157785,1.1278190301103828,1.6147329924434166,0.0,-0.03620303060597176
2026-01-26,-0.021128973344451636,-0.007215315261626236,0.8787873016448245,0.8787873016448245,-0.018567873471896076,1.1068778290600967,1.6030821848395882,-0.018567873471896017,-0.04315712958834963
2026-01-27,0.007954261139791289,0.015476478514621323,0.8787873016448245,0.8787873016448245,0.006990103683615473,1.114615019850322,1.6278922518304302,-0.011707561149033353,-0.02834857146255519
2026-01-28,0.0012858403951730502,-0.014149118432794995,0.8787873016448245,0.8787873016448245,0.0011299802112200398,1.1158745127658816,1.604859011563452,-0.010590810250233276,-0.04209658260032599
2026-01-29,0.0013852271871765804,-0.0039016441531708546,0.8787873016448245,0.8787873016448245,0.0012173200619839573,1.117232889196928,1.5985974227843218,-0.009386382594039552,-0.04583398086812586
2026-01-30,0.0011032424503500896,-0.0017198126947398338,0.8787873016448245,0.8787873016448245,0.0009695154560031796,1.1183160637509597,1.5958481346428388,-0.008425967381037158,-0.047474967700718324
2026-02-02,-0.004669199052672221,-0.005263847212033398,0.8787873016448245,0.8787873016448245,-0.004103232836340393,1.11372735255677,1.5874478338884703,-0.012494626511341679,-0.052488913936378966
2026-02-03,0.004616821756305026,0.01430280985810024,0.8787873016448245,0.8787873016448245,0.004057204333398413,1.1182459719977875,1.61015279841623,-0.008488115430769326,-0.03893684303396904
2026-02-04,-0.017793084680698446,-0.02806732985250734,0.8787873016448245,0.8787873016448245,-0.015636336874488854,1.1007607012710898,1.564960108710144,-0.02399172927295318,-0.0659113196696267
2026-02-05,-0.016861143190927567,-0.008014476112840787,0.8787873016448245,0.8787873016448245,-0.014817358527402244,1.0844503353074813,1.5524177733013378,-0.03845359374602581,-0.07339755108540942
2026-02-06,0.03424785160331696,0.03369074616126974,0.8787873016448245,0.8787873016448245,0.03009657709761129,1.1170885784325935,1.6047198864378767,-0.009514338197271844,-0.04217962318661709
2026-02-09,0.005124277781612359,0.0038825009847494978,0.8787873016448245,0.8787873016448245,0.004503150244581653,1.1221189961377815,1.6109502129772186,-0.005054032447070287,-0.03846088463042611
2026-02-10,-0.00836356437817056,-0.0069650051586807775,0.8787873016448245,0.8787873016448245,-0.007349794172025281,1.1138716524796493,1.5997299364334543,-0.01236668052087083,-0.04515800952924861
2026-02-11,-0.04201027262729835,-0.009738144671821136,0.8787873016448245,0.8787873016448245,-0.03691809412350695,1.0727496339718994,1.5841515348766222,-0.0488282203689129,-0.05445639897118238
2026-02-12,0.006709346024812883,0.006818030633844436,0.8787873016448245,0.8787873016448245,0.005896088088946744,1.079074660311183,1.5949523285700626,-0.04322002776848789,-0.04800965373373235
2026-02-13,0.01874656487246278,0.010012870286478136,0.8787873016448245,0.8787873016448245,0.01647424315938122,1.096851598652276,1.610922379349151,-0.027457801855920002,-0.0384774978825888
2026-02-17,-0.018782252518361048,0.013952565778213955,0.8787873016448245,0.8787873016448245,-0.016505605009422216,1.0787473994109682,1.633398879810617,-0.04351019923348144,-0.025061791924562735
2026-02-18,0.02302461000922121,0.008986727203962068,0.937010594064888,0.937010594064888,0.02157430350285273,1.1020206232087737,1.6480777899587322,-0.022874597974361276,-0.016300288207869145
2026-02-19,0.02124676713415388,0.0131044813332204,0.8787873016448245,0.8787873016448245,0.01867138915849903,1.1225968791253964,1.6696749945929414,-0.0046303093364856995,-0.003409413697194947
2026-02-20,-0.014466591292352119,0.0006568352662923155,0.6214774181141625,0.6214774181141625,-0.00899065980528382,1.1125039924867066,1.6707716960126366,-0.013579339605731974,-0.0027548178540562542
2026-02-23,-0.008435392748776879,-0.009857551135993443,0.8050740149277427,0.8050740149277427,-0.0067911155077501695,1.104948849370896,1.6543019785826216,-0.020278236249700706,-0.012585213232182967
2026-02-24,0.007347655877560035,0.007638828115894586,0.6214774181141625,0.6214774181141625,0.004566402203977361,1.1099944902319456,1.6669389070487985,-0.015804432628426738,-0.005042521396970939
2026-02-25,-0.022168910787252468,-0.007804654574455589,0.8449440793496713,0.8449440793496713,-0.018731489915320032,1.089202639632105,1.6539290246825622,-0.03423988197335011,-0.012807820833738834
2026-02-26,0.020428499423486436,0.006611073976378961,0.6463697267396107,0.6463697267396107,0.013204363590059222,1.1035848673090596,1.664863271816419,-0.021487634234147755,-0.006281420308367935
2026-02-27,0.01104039631650815,0.0036995882549691627,0.6214774181141625,0.6214774181141625,0.006861356997740595,1.1111569570609712,1.6710225804229604,-0.014773711565924564,-0.002605070722196193
2026-03-02,0.02726126197101392,0.027758183575891323,0.6214774181141625,0.6214774181141625,0.016942258704279536,1.1299824656885582,1.7174071319698005,0.0,0.0
2026-03-03,-0.008195621071968804,-0.022601684294497243,0.6214774181141625,0.6214774181141625,-0.005093393423649197,1.1242270204289813,1.6785908381679011,-0.005093393423649139,-0.022601684294497267
2026-03-04,-0.00534857233083344,0.008090356328311342,0.6214774181141625,0.6214774181141625,-0.0033240169227632143,1.1204900707880476,1.692171236178118,-0.008400479820477879,-0.014694183645748515
2026-03-05,-0.013767191064778172,-0.028461365136942994,0.6214774181141625,0.6214774181141625,-0.008555998357622706,1.1109031595826526,1.6440097327510204,-0.016884603686553267,-0.0427373322565606
2026-03-06,0.02003016706287211,0.008958322115367115,0.6214774181141625,0.6214774181141625,0.012448296510629094,1.1247320115077324,1.6587373014978026,-0.004646491729078676,-0.03416186492989921
2026-03-09,-0.004270063540738165,-0.0008673881569497063,0.6410488810947162,0.6410488810947162,-0.002737319454993543,1.1216532606909781,1.6572985324069927,-0.007371092251864835,-0.03499962148978945
2026-03-10,-0.02538895351429666,-0.009424876124046492,0.6214774181141625,0.6214774181141625,-0.01577866127868558,1.103955073818402,1.6416786990384926,-0.023033447562654217,-0.04409463051690621
2026-03-11,-0.004797131572206939,-0.0043478820594751375,0.6214774181141625,0.6214774181141625,-0.002981308943849101,1.1006638426832198,1.6345408736755207,-0.025946086683276977,-0.048250794323437686
2026-03-12,0.0018040968976102713,-0.030586988293863335,0.6422125401351099,0.6422125401351099,0.0011586136512641637,1.1019390868368055,1.5845451911065664,-0.02481753452224089,-0.0773619361361604
